Michael,Scott,michael.scott@dundermifflin.com
Dwight,Schrute,dwight.schrute@dundermifflin.com
Jim,Halpert,jim.halpert@dundermifflin.com
Pam,Beesly,pam.beesly@dundermifflin.com
Ryan,Howard,ryan.howard@dundermifflin.com
Stanley,Hudson,stanley.hudson@dundermifflin.com
Kevin,Malone,kevin.malone@dundermifflin.com
Meredith,Palmer,meredith.palmer@dundermifflin.com
Angela,Martin,angela.martin@dundermifflin.com
Oscar,Martinez,oscar.martinez@dundermifflin.com
Phyllis,Lapin-Vance,phyllis.lapin-vance@dundermifflin.com
Jan,Levinson,jan.levinson@dundermifflin.com
Roy,Anderson,roy.anderson@dundermifflin.com
Toby,Flenderson,toby.flenderson@dundermifflin.com
Kelly,Kapoor,kelly.kapoor@dundermifflin.com
Creed,Bratton,creed.bratton@dundermifflin.com
Darryl,Philbin,darryl.philbin@dundermifflin.com